{
  "type": "create:crushing",
  "ingredients": [
    {
      "item": "minecraft:cobblestone"
    }
  ],
  "results": [
    {
      "item": "minecraft:emerald",
      "chance": 0.03662
    },
    {
      "item": "mythicmetals:raw_silver",
      "chance": 0.00434
    },
    {
      "item": "minecraft:raw_gold",
      "chance": 0.06372
    },
    {
      "item": "mythicmetals:raw_banglum",
      "chance": 0.00195
    },
    {
      "item": "mythicmetals:raw_osmium",
      "chance": 0.02344
    },
    {
      "item": "minecraft:raw_copper",
      "chance": 0.05859
    },
    {
      "item": "mythicmetals:unobtainium",
      "chance": 0.00195
    },
    {
      "item": "minecraft:diamond",
      "chance": 0.00293
    },
    {
      "item": "mythicmetals:raw_mythril",
      "chance": 0.00391
    },
    {
      "item": "mythicmetals:raw_quadrillum",
      "chance": 0.00112
    },
    {
      "item": "minecraft:coal",
      "chance": 0.08301
    },
    {
      "item": "minecraft:raw_iron",
      "chance": 0.01500
    },
    {
      "item": "mythicmetals:raw_manganese",
      "chance": 0.00195
    },
    {
      "item": "mythicmetals:morkite",
      "chance": 0.00220
    },
    {
      "item": "mythicmetals:raw_carmot",
      "chance": 0.00195
    },
    {
      "item": "mythicmetals:raw_kyber",
      "chance": 0.00117
    },
    {
      "item": "spelunkery:rough_cinnabar",
      "chance": 0.00833
    },
    {
      "item": "minecraft:lapis_lazuli",
      "chance": 0.00513
    },
	{
	  "item": "minecraft:gravel",
	  "chance": 0.50000
	}
  ],
  "processingTime": 150
}


