{
  "type": "create:crushing",
  "ingredients": [
    {
      "item": "minecraft:stone"
    }
  ],
  "results": [
    {
      "item": "minecraft:raw_iron",
      "chance": 0.0459
    },
    {
      "item": "mythicmetals:raw_osmium",
      "chance": 0.00419
    },
    {
      "item": "minecraft:raw_gold",
      "chance": 0.00916
    },
    {
      "item": "minecraft:coal",
      "chance": 0.04872
    },
    {
      "item": "minecraft:raw_copper",
      "chance": 0.07812
    },
    {
      "item": "minecraft:emerald",
      "chance": 0.00916
    },
    {
      "item": "mythicmetals:raw_banglum",
      "chance": 0.00879
    },
    {
      "item": "mythicmetals:raw_tin",
      "chance": 0.00297
    }
  ],
  "processingTime": 150
}


